CODON	Amino acid	Preferred Codon	Total num	Frequency in 1000	Fraction	RSCU
GCT	Ala	FALSE	15188	12.660200972771564	0.12046033168627016	0.4818413267450806
GCC	Ala	TRUE	53416	44.525763442294306	0.4236574320090734	1.6946297280362936
GCA	Ala	FALSE	17305	14.424860273493017	0.13725085856142383	0.5490034342456953
GCG	Ala	FALSE	40174	33.487681977885494	0.31863137774323264	1.2745255109729305
CGT	Arg	FALSE	15109	12.594349255833919	0.19647083300824425	1.1788249980494656
CGC	Arg	TRUE	38853	32.386541242763606	0.5052274323164547	3.0313645938987284
CGA	Arg	FALSE	6611	5.510705071832553	0.08596655483602507	0.5157993290161504
CGG	Arg	FALSE	11981	9.986954691518049	0.15579568801851706	0.9347741281111024
AGA	Arg	FALSE	2302	1.918869017600747	0.029934201971340148	0.17960521182804087
AGG	Arg	FALSE	2046	1.7054761120812894	0.02660528984941874	0.15963173909651243
AAT	Asn	FALSE	17755	14.799964990226437	0.45611015490533563	0.9122203098106713
AAC	Asn	TRUE	21172	17.648260139288887	0.5438898450946644	1.0877796901893289
GAT	Asp	FALSE	34896	29.08812043362105	0.48087973872421347	0.9617594774484269
GAC	Asp	TRUE	37671	31.40126618681049	0.5191202612757865	1.038240522551573
TGT	Cys	FALSE	5193	4.328708431103683	0.3838421169339936	0.7676842338679872
TGC	Cys	TRUE	8336	6.9486064859773355	0.6161578830660064	1.2323157661320128
CAA	Gln	FALSE	13423	11.188956917139368	0.26241398185799186	0.5248279637159837
CAG	Gln	TRUE	37729	31.449613016967234	0.7375860181420081	1.4751720362840162
GAA	Glu	TRUE	36957	30.806100036260123	0.49085548073474916	0.9817109614694983
GAG	Glu	FALSE	38334	31.953920469464396	0.5091445192652508	1.0182890385305017
GGT	Gly	FALSE	23593	19.666323515314694	0.25361181579739434	1.0144472631895773
GGC	Gly	TRUE	48441	40.378772407297035	0.5207141935761276	2.0828567743045103
GGA	Gly	FALSE	7539	6.284254354340587	0.08104011695403535	0.3241604678161414
GGG	Gly	FALSE	13455	11.2156310303293	0.1446338736724427	0.5785354946897708
CAT	His	FALSE	9347	7.791341749571756	0.36238514325592214	0.7247702865118443
CAC	His	TRUE	16446	13.708827047550773	0.6376148567440778	1.2752297134881556
ATT	Ile	FALSE	28397	23.67077475795326	0.4675942697184258	1.4027828091552776
ATC	Ile	TRUE	28444	23.709952361700974	0.46836818705746747	1.4051045611724025
ATA	Ile	FALSE	3889	3.2417383186139466	0.06403754322410671	0.19211262967232012
TTA	Leu	FALSE	4232	3.527651469368532	0.03263795164462268	0.1958277098677361
TTG	Leu	FALSE	20491	17.08060166796564	0.15803030887286468	0.9481818532371882
CTT	Leu	FALSE	10529	8.776616805524876	0.08120155786064089	0.48720934716384534
CTC	Leu	FALSE	18474	15.399298970962727	0.14247483900821348	0.8548490340492809
CTA	Leu	FALSE	3626	3.022510450834191	0.02796436972197586	0.16778621833185517
CTG	Leu	TRUE	72313	60.27766084698645	0.5576909728916825	3.3461458373500945
AAA	Lys	TRUE	21477	17.902497780630426	0.5208944726055638	1.0417889452111275
AAG	Lys	FALSE	19754	16.466263498560014	0.47910552739443624	0.9582110547888725
ATG	Met	FALSE	29878	24.90528605902481	1	1
TTT	Phe	FALSE	22454	18.716891798960543	0.5169444700248642	1.0338889400497284
TTC	Phe	TRUE	20982	17.489882592223662	0.48305552997513584	0.9661110599502717
CCT	Pro	FALSE	6599	5.500702279386329	0.12003201338741655	0.4801280535496662
CCC	Pro	TRUE	20256	16.884713649227077	0.36844498608509013	1.4737799443403605
CCA	Pro	FALSE	5933	4.945547298620864	0.10791785655819706	0.43167142623278826
CCG	Pro	TRUE	22189	18.49599679910642	0.40360514396929625	1.614420575877185
TCT	Ser	FALSE	6527	5.4406855247089805	0.08512108921608263	0.5107265352964958
TCC	Ser	FALSE	10860	9.052527163833236	0.1416293900546434	0.8497763403278603
TCA	Ser	FALSE	6396	5.331488373837697	0.08341266839682313	0.5004760103809387
TCG	Ser	FALSE	13976	11.649918935702884	0.18226633106848028	1.0935979864108816
AGT	Ser	FALSE	12683	10.572118049622187	0.16540382634097994	0.9924229580458795
AGC	Ser	TRUE	26237	21.87027211763284	0.3421666949229906	2.0530001695379436
ACT	Thr	FALSE	6294	5.246464638044787	0.11503244082975418	0.4601297633190167
ACC	Thr	TRUE	28290	23.581583191974424	0.5170428584483231	2.0681714337932924
ACA	Thr	FALSE	6101	5.085586392868009	0.11150507173535594	0.44602028694142376
ACG	Thr	FALSE	14030	11.694931501710894	0.25641962898656673	1.025678515946267
TGG	Trp	FALSE	16038	13.368732104379138	1	1
TAT	Tyr	FALSE	14396	12.000016671320743	0.42545142890918225	0.8509028578183645
TAC	Tyr	TRUE	19441	16.205357328920993	0.5745485710908177	1.1490971421816354
GTT	Val	FALSE	14787	12.325940991860229	0.1812976631274368	0.7251906525097472
GTC	Val	TRUE	21206	17.676601384553187	0.2599985287266129	1.0399941149064515
GTA	Val	FALSE	10079	8.401512088791455	0.12357470390623085	0.4942988156249234
GTG	Val	TRUE	35490	29.58325865970917	0.43512910423971946	1.7405164169588778
TAA	Stop	FALSE	1349	1.1244805841630787	0.3700960219478738	1.1102880658436214
TAG	Stop	FALSE	570	0.4751326411956671	0.15637860082304528	0.4691358024691358
TGA	Stop	FALSE	1726	1.4387349801819673	0.47352537722908095	1.4205761316872427
