Genome ID	AAA	AAC	AAG	AAT	ACA	ACC	ACG	ACT	AGA	AGC	AGG	AGT	ATA	ATC	ATG	ATT	CAA	CAC	CAG	CAT	CCA	CCC	CCG	CCT	CGA	CGC	CGG	CGT	CTA	CTC	CTG	CTT	GAA	GAC	GAG	GAT	GCA	GCC	GCG	GCT	GGA	GGC	GGG	GGT	GTA	GTC	GTG	GTT	TAC	TAT	TCA	TCC	TCG	TCT	TGC	TGG	TGT	TTA	TTC	TTG	TTT
bin.29.fa.nuc	4.535182	2.074090	3.846590	3.193524	0.897966	1.734707	1.373404	0.871511	1.642492	0.697662	0.668939	1.062744	2.073334	3.483020	2.713550	2.695410	2.245671	1.031754	0.497358	0.799704	0.704465	1.258513	0.972041	0.532884	1.143622	0.359791	0.862440	0.366594	0.837497	0.944074	0.482997	1.033266	7.225300	2.371144	1.021172	5.095277	1.260025	0.866976	1.231302	0.541954	2.879840	0.622076	1.375672	1.215429	1.550276	1.315959	1.669703	1.030242	1.462596	2.596392	0.842788	1.433117	1.244907	0.953144	0.851102	1.429338	0.949365	1.964490	1.996992	2.691630	2.675001
bin.129.fa.nuc	5.668775	1.268740	1.956254	3.736531	2.225346	0.892481	0.482841	1.995198	1.750996	0.539061	0.432771	1.531682	3.316350	1.544565	2.248770	3.965800	2.512298	0.438042	0.663212	1.393769	1.028344	0.621633	0.207894	1.551300	0.484891	0.227512	0.137034	0.631295	1.440033	0.890138	0.580054	2.072207	6.079000	1.328180	1.825076	4.603244	1.780862	0.726751	0.349028	2.378192	2.110565	0.653256	0.721480	2.244964	1.947177	0.753397	0.782092	2.613903	0.932303	3.268915	1.580874	0.585324	0.342879	1.986706	0.210529	1.088662	0.671703	3.362029	1.635629	1.626552	3.374912
bin.7.fa.nuc	5.668752	1.418541	1.901674	4.079482	2.231912	0.838821	0.493554	2.092843	1.726536	0.562086	0.463896	1.635360	3.420809	1.619529	2.098254	4.118958	2.515861	0.411595	0.673902	1.373454	0.973080	0.563288	0.194977	1.518935	0.468505	0.217620	0.138868	0.591142	1.458818	0.891723	0.592344	2.179811	6.023037	1.290493	1.748979	4.649583	1.534765	0.638433	0.341259	2.293832	1.969004	0.644044	0.735421	2.099657	1.781442	0.708369	0.708168	2.440315	0.998730	3.552664	1.621533	0.588136	0.359495	2.091240	0.209004	1.058044	0.685124	3.424015	1.628947	1.613718	3.427622
bin.214.fa.nuc	4.628692	1.484517	1.863120	3.509326	1.710649	1.714220	1.188959	1.004100	0.799393	0.893068	0.301039	1.479949	1.675355	2.538028	2.512118	4.309217	2.431648	0.653483	1.128170	1.464004	1.059408	1.028598	1.057581	0.876875	1.191533	0.480915	0.777802	0.934508	0.900709	1.470233	1.084239	2.127370	5.084694	1.344004	1.752670	4.487100	2.527565	1.045623	0.997290	1.297250	2.612271	0.760943	0.811601	2.072394	1.646870	0.985498	1.308544	2.169972	1.198841	2.603800	1.385195	1.085069	0.893068	0.854951	0.380845	1.291104	0.629234	1.975895	1.804988	1.665887	3.048009
bin.116.fa.nuc	2.419120	1.279789	2.746772	2.392847	1.871559	1.177729	0.769869	1.583821	1.833034	1.045607	0.807257	1.095121	1.924357	2.230410	2.578020	3.318079	1.526097	0.641284	1.358355	1.298736	1.454225	0.934453	0.646336	1.197181	0.968936	0.527225	0.521288	0.694587	1.514350	1.711901	1.557675	2.126077	4.359139	2.226621	3.334247	3.761180	2.838727	1.380586	0.973104	2.056353	2.526990	1.628662	1.087922	1.898716	1.636367	1.581042	1.574221	2.388047	1.251874	1.989155	1.689417	0.941779	0.724397	1.352166	0.458258	1.242527	0.579139	0.836688	2.132771	1.931936	1.865875
bin.164.fa.nuc	4.619575	1.495193	1.872851	3.509959	1.705802	1.719945	1.186392	1.003746	0.806876	0.898684	0.309044	1.470948	1.678486	2.536762	2.504435	4.282891	2.418607	0.659547	1.134669	1.462382	1.054418	1.032678	1.066137	0.874924	1.183079	0.485952	0.784732	0.930202	0.898765	1.468524	1.094746	2.120959	5.076675	1.356431	1.771668	4.487762	2.513648	1.049327	1.001241	1.292262	2.598587	0.768892	0.817382	2.057679	1.634522	0.987178	1.314164	2.160559	1.204737	2.607800	1.386252	1.089735	0.899330	0.853750	0.388810	1.292505	0.630614	1.971043	1.808682	1.663697	3.043160
bin.187.fa.nuc	6.603060	1.387623	2.230811	4.770289	1.665058	0.905056	0.524235	1.455006	1.722006	0.722733	0.651548	1.279541	3.102398	1.753983	2.072564	4.813000	2.161117	0.417643	0.869277	1.447478	1.142314	0.629484	0.489350	1.120623	0.595494	0.286678	0.314705	0.479958	0.977359	0.774388	0.782513	2.039767	5.313531	1.182640	1.875557	4.439409	1.844325	0.745840	0.560088	1.440844	2.172968	0.743082	0.811658	1.654921	1.589922	0.669735	0.807856	2.024486	0.965581	3.481058	1.805788	0.727801	0.508730	1.559659	0.405643	1.142910	0.725118	3.479641	1.364367	1.676388	4.093398
bin.15.fa.nuc	0.646911	2.624424	2.643470	0.594370	0.418686	2.132180	2.019217	0.343815	0.166818	1.705941	0.367787	0.230852	0.305723	4.562530	2.266816	0.987771	1.527302	1.873744	2.151555	0.417373	0.531978	2.285863	1.781469	0.330352	0.583205	2.684846	1.992290	0.266974	0.295543	4.108051	2.461547	0.545770	1.865863	4.442343	5.663593	1.338482	0.884659	3.835166	3.349490	0.826207	0.592400	4.047957	2.497997	0.547740	0.257779	3.499888	3.041468	0.642642	2.404737	1.016012	0.273542	1.245879	1.592650	0.341845	1.141125	1.679342	0.196044	0.281423	3.521890	2.303595	0.813072
bin.125.fa.nuc	5.976686	1.219803	2.106616	3.606557	2.325218	0.843143	0.413135	1.828960	2.052524	0.475663	0.483604	1.559988	3.340810	1.371906	2.224974	4.152937	2.537865	0.448121	0.612879	1.363469	1.273150	0.687069	0.200240	1.543363	0.588066	0.225797	0.156818	0.774907	1.430961	0.739177	0.508417	2.019027	6.186355	1.214344	1.770897	4.391885	2.089495	0.712131	0.337456	2.209093	2.219019	0.566479	0.657542	2.369385	2.013320	0.683348	0.761756	2.691705	0.836691	3.123449	1.630208	0.664242	0.340929	1.939873	0.190811	0.894257	0.775403	3.433611	1.398208	1.629712	3.176549
bin.97.fa.nuc	5.750517	1.459287	2.063270	4.102649	1.876269	0.892631	0.856276	1.408889	1.323292	0.715053	0.382938	1.311072	2.727317	2.140235	2.488703	4.283144	2.286990	0.451270	0.807398	1.412658	1.413145	0.581368	0.659974	1.078233	0.812079	0.308162	0.370658	0.688061	1.041149	0.883208	0.728002	1.674192	5.383689	1.312106	1.547498	4.893329	2.398729	0.541670	0.822779	1.420014	2.346446	0.511638	0.752380	2.410523	1.692369	0.885640	0.858708	2.175373	0.967589	3.268927	1.692552	0.677483	0.622343	1.379708	0.436436	1.319097	0.718153	3.194272	1.769577	1.686472	3.336407
bin.268.fa.nuc	3.450689	1.889093	4.475098	2.641053	0.542272	1.617315	1.643079	0.747657	1.047658	1.209284	1.067945	0.640577	1.169157	3.983739	2.464786	2.945861	2.190716	0.920739	0.743297	1.122659	0.729270	1.460831	0.816286	0.760567	0.819527	0.590055	0.660026	0.401437	0.820422	2.109065	0.795720	1.601387	5.080466	2.075980	3.304768	3.555030	1.426460	1.682758	1.280316	0.941082	2.459644	1.471729	1.322846	1.047435	0.923030	1.546897	2.089001	1.217667	1.360570	2.241182	0.847639	1.663310	0.863622	0.992218	0.720440	1.152893	0.470681	2.354241	2.303831	2.669779	2.857224
bin.79.fa.nuc	5.757090	1.112947	2.507209	4.097220	0.909617	1.565937	0.899248	1.283167	1.240779	0.835635	0.449957	1.011131	1.956344	2.624974	2.234627	4.646386	2.330925	0.453778	0.747099	1.357877	0.650437	1.444472	0.525819	1.135748	0.780270	0.542193	0.453171	0.383313	1.016285	1.271099	0.820050	1.683520	5.219870	1.163886	2.672395	4.379565	1.419488	1.476734	1.106459	1.176257	2.507936	1.099606	1.258668	1.092632	1.529067	0.936663	1.532220	1.250724	0.758257	3.447389	0.860983	1.205849	0.665052	1.495229	0.479065	1.153092	0.692765	3.705842	1.324160	1.685400	3.976423
bin.78.fa.nuc	6.151460	1.255059	2.462591	4.565761	1.351975	1.071262	0.673075	1.421187	1.536115	0.731616	0.570433	1.126230	2.625585	2.186430	2.160879	4.870409	2.314329	0.420996	0.683550	1.372876	1.064507	0.856775	0.517716	1.040229	0.698675	0.346890	0.367203	0.458049	1.010225	1.110273	0.679830	2.002192	5.390181	1.208412	2.257110	4.502766	1.753099	0.844685	0.755600	1.256968	2.428132	0.721337	0.968032	1.472239	1.479042	0.805527	0.975325	1.752462	0.873368	3.459061	1.564505	0.883598	0.547183	1.551289	0.431177	1.094659	0.663481	3.479815	1.531808	1.690985	3.953772
bin.149.fa.nuc	6.247537	1.154283	2.169008	4.436478	1.430499	1.021523	0.715517	1.430193	1.600460	0.653261	0.498425	1.140686	2.889566	2.306733	2.190778	4.726519	2.332094	0.381018	0.646005	1.367556	1.240066	0.828187	0.495751	1.070792	0.827882	0.302798	0.305319	0.438690	1.072015	1.033668	0.545632	1.863002	5.578616	1.019766	2.274727	4.560149	1.743074	0.749585	1.017703	1.367556	2.804394	0.607429	1.037259	1.457692	1.608175	0.779987	1.044133	1.660194	0.688399	3.452843	1.446616	0.775328	0.585735	1.553711	0.378497	1.037182	0.794959	3.815834	1.402235	1.542482	3.853798
bin.11.fa.nuc	6.037164	0.968779	1.306612	4.615841	1.467481	1.258193	0.583349	1.873799	0.723605	0.415494	0.204426	1.286135	2.072266	2.127738	2.265049	5.303286	3.727737	0.432478	0.566844	1.818806	1.187381	0.895021	0.583007	1.404133	1.214021	0.411933	0.601361	0.698677	0.922757	0.807635	0.425698	1.524940	5.629203	0.645053	1.003911	4.558451	1.810519	0.924812	0.691828	1.709916	2.460983	0.548285	1.115130	1.502819	1.561373	0.726344	1.018704	1.683823	0.601018	3.590700	1.470221	0.847493	0.640534	1.689713	0.225245	1.236004	0.736959	4.743906	1.262028	1.510147	4.123233
bin.101.fa.nuc	2.505865	1.941544	3.627555	2.510524	0.876193	2.119305	1.483951	0.767529	0.640085	1.152583	1.345684	0.676641	1.414925	4.150016	2.911133	2.334483	1.875672	1.151436	1.028150	1.287195	1.396360	1.347619	0.829387	0.773980	0.671265	0.751329	0.899990	0.566543	0.720795	1.928212	1.235371	1.780196	3.985085	1.634331	2.595391	4.270579	2.410892	1.630963	1.240174	1.114379	2.201377	1.571398	1.560216	1.858469	0.932030	1.200823	2.663270	1.614978	1.685366	1.435497	1.190573	1.597561	0.981989	0.759644	0.922783	1.306046	0.361472	1.061337	3.216911	2.632090	1.662859
bin.217.fa.nuc	6.038240	0.971853	1.308803	4.595541	1.467178	1.254235	0.583841	1.871953	0.713529	0.411368	0.201651	1.282361	2.059857	2.124947	2.272801	5.286836	3.714238	0.436548	0.569813	1.819349	1.193494	0.901503	0.587769	1.412960	1.214185	0.417050	0.609091	0.704201	0.928367	0.816634	0.427150	1.519502	5.608074	0.640304	0.998085	4.566012	1.817525	0.932715	0.696135	1.715332	2.455444	0.553962	1.116831	1.504913	1.561305	0.731765	1.030209	1.688539	0.601376	3.588688	1.472579	0.843638	0.640584	1.681104	0.224376	1.235507	0.733309	4.740659	1.263984	1.509963	4.130235
bin.20.fa.nuc	5.862222	1.176077	2.430848	4.319245	1.359083	1.129098	0.714214	1.428487	1.354646	0.743384	0.509671	1.084308	2.443687	2.231452	2.296596	4.850513	2.318547	0.406660	0.706463	1.377011	1.056381	0.908698	0.576294	1.037802	0.740070	0.381514	0.400566	0.484051	0.919112	1.160575	0.718651	2.015253	5.385507	1.286543	2.307365	4.524380	1.924076	0.928697	0.832076	1.286780	2.549302	0.766755	1.018573	1.543687	1.555165	0.864677	1.054724	1.778109	0.853731	3.355166	1.537001	0.887990	0.560259	1.498187	0.469082	1.117501	0.658478	3.269965	1.533214	1.703025	3.808805
bin.19.fa.nuc	5.652336	1.264185	1.800612	3.846829	2.325169	0.932185	0.590271	2.062738	1.556782	0.638854	0.475607	1.656272	2.710769	1.856109	2.107220	4.343790	2.770733	0.498919	0.698511	1.342199	1.396044	0.468326	0.286661	1.405528	0.788150	0.260290	0.244503	0.741403	1.582786	0.843647	0.715399	1.953213	5.276832	1.134224	1.460718	4.306833	2.141546	0.745809	0.425617	2.378463	1.940486	0.739201	0.660759	2.259270	1.852009	0.945156	0.816725	2.396513	1.052784	2.957659	1.867245	0.534652	0.368224	1.562962	0.216724	1.129574	0.706649	3.357272	1.411707	1.922191	3.616154
